SMILES,Label,odor
CC(C)CCS,0,0.00000077
CCCCCS,0,0.00000078
CCCCS,0,0.0000028
CC1=CNC2=CC=CC=C12,0,0.0000056
CC(C)S,0,0.000006
CC(C)CS,0,0.0000068
CCS,0,0.0000087
CCCCCCCC=O,0,0.00001
CCCS,0,0.000013
CCOC(=O)CC(C)C,0,0.000013
CCCCCCS,0,0.000015
CCOC(=O)C(C)C,0,0.000022
CC(C)(C)S,0,0.000029
CCC(C)S,0,0.00003
CN(C)C,0,0.000032
CCSCC,0,0.000033
CCCCC(=O)O,0,0.000037
CCCC(=O)OCC,0,0.00004
CC(=O)C(=O)C,0,0.00005
CC1=CC(=C(C(=C1)C(C)(C)C)O)C(C)(C)C,0,0.000054
CS,0,0.00007
CC(C)CC(=O)O,0,0.000078
CC(C)CC=O,1,0.0001
CC1=CC(=CC=C1)O,1,0.0001
CCCCC(=O)OCC,1,0.00011
C=CCSC,1,0.00014
CCCCCCC=O,1,0.00018
CCCC(=O)O,1,0.00019
C=CCS,1,0.00022
C=CCSSCC=C,1,0.00022
CCCCCC=O,1,0.00028
CC1=CC=CC=C1O,1,0.00028
C1=CC=C2C(=C1)C=CN2,1,0.0003
CCCCCCCCC=O,1,0.00034
CC(C)C=O,1,0.00035
CCC1=CC=C(CC)C=C1,1,0.00039
CCCCCCCCCC=O,1,0.0004
C(C)CCCC(=O)O,1,0.0004
CCCCC=O,1,0.00041
CCCCCCCC=C,1,0.00054
C1=CSC=C1,1,0.00056
CCCCCC(=O)O,1,0.0006
C1CCSC1,1,0.00062
CCCC=O,1,0.00067
CCCCCCCCCCO,1,0.00077
CCCCCCCCCO,1,0.0009
CCC=O,2,0.001
CCCCCCC=C,2,0.001
CC=O,2,0.0015
CC(C)C(=O)O,2,0.0015
CC(C)CN,2,0.0015
CCCC(=O)OCC(C)C,2,0.0016
CC(C)CCO,2,0.0017
CC(=O)OCCCCCC,2,0.0018
CC(C)C(=O)OC,2,0.0019
CCSSCC,2,0.002
CC(C)C(=O)OC(C)C,2,0.002
CSSC,2,0.0022
CCCCC(=O)OC,2,0.0022
CC(C)CC(=O)OC,2,0.0022
CCC(C)OC(=O)C,2,0.0024
CCCCCCCCO,2,0.0027
CSC,2,0.003
[O-][O+]=O,2,0.0032
C=CC=O,2,0.0036
CCCC1=CC=CC=C1,2,0.0038
CCC(=O)OC(C)C,2,0.0041
CCCCCCCO,2,0.0048
CCCCOC(=O)CCC,2,0.0048
CCCCOC(=O)CC(C)C,2,0.0052
CCN(CC)CC,2,0.0054
C1=CC=C(C=C1)O,2,0.0056
CCC(=O)O,2,0.0057
CCCCCCO,2,0.006
CC(=O)O,2,0.006
CCCC(=O)OC(C)C,2,0.0062
CCCCCC(=O)C,2,0.0068
CCC(=O)OCC,2,0.007
CCCC(=O)OC,2,0.0071
CC(C)COC(=O)C,2,0.008
CC1=CC=C(CC)C=C1,2,0.0083
CC(C)C1=CC=CC=C1,2,0.0084
C(C)=CC=O,2,0.0085
CCCCC1=CC=CC=C1,2,0.0085
CC(C)CCCCCO,2,0.0093
C1([H])C2=C([H])C([H])=C([H])C([H])=C2C([H])([H])C([H])([H])C1([H])[H],2,0.0093
CCC1=C(CC)C=CC=C1,2,0.0094
CC1=C(C)C(C)=C(C)C=C1,3,0.011
CCCC(=O)OCCC,3,0.011
CC(C)CO,3,0.011
CCCCOC(=O)C,3,0.016
CC1=CC(CC)=CC=C1,3,0.018
CC1=CCC2CC1C2(C)C,3,0.018
CC(C)COC(=O)CC,3,0.02
CCCCOC(=O)C(C)C,3,0.022
CC=CC=O,3,0.023
CCCCC(=O)C,3,0.024
CC(C)N,3,0.025
C1(N)=C(C)C=CC=C1,3,0.026
CCCC(=O)C,3,0.028
CNC,3,0.033
CC1(C2CCC(=C)C1C2)C,3,0.033
C=CC1=CC=CC=C1,3,0.035
CN,3,0.035
CCCCOC(=O)CCC,3,0.035
CCCCOC(=O)CC,3,0.036
CC1=CCC(CC1)C(=C)C,3,0.038
CCCCO,3,0.038
CC1=CC(=CC=C1)C,3,0.041
CCN,3,0.046
CCNCC,3,0.048
CC(=C)C=C,3,0.048
CCOCCOC(=O)C,3,0.049
ClCl,3,0.049
C(=O)=S,3,0.055
CC1=CC=C(C=C1)C,3,0.058
CCCOC(=O)CC,3,0.058
CCCN,3,0.061
C1=CN=CN=C1,3,0.063
CCC1=CC(CC)=CC=C1,3,0.07
CC(=O)OC(C)(C)C,3,0.071
CC1=C(CC)C=CC=C1,3,0.074
CC(C)COC(=O)C(C)C,3,0.075
CCCCOC=O,3,0.087
CCC(C)(C)O,3,0.088
C1=COC=C1,3,0.093
CCCO,3,0.094
CCC(=O)OC,3,0.098
CCCCCO,4,0.1
CCCC=C,4,0.1
CC(C)CCCCC,4,0.11
CCCCCCCCCCCC,4,0.11
CC1=C(C)C=C(C)C=C1,4,0.12
N(=O)[O],4,0.12
CCCCC=C,4,0.14
CC1CCCCC1,4,0.15
CC(O)COCCCC,4,0.16
CC(C)OC(=O)C,4,0.16
CCC1=CC=CC=C1,4,0.17
CC(C)CC(=O)C,4,0.17
CCCCN,4,0.17
CC(C)(C)N,4,0.17
CC1=C(C)C=CC(C)=C1,4,0.17
CCC(C)N,4,0.17
SCS,4,0.21
CCC(C)O,4,0.22
C=CC=C,4,0.23
CCCOC(=O)C,4,0.24
CCCC(C)O,4,0.29
CC(C)OC=O,4,0.29
CC1=CC=CC=C1,4,0.33
CCC=C,4,0.36
CCCCCC=C,4,0.37
CCC(CC)CC,4,0.37
CC1=CC=CC=C1C,4,0.38
CC(C)C(C)C,4,0.42
CC(C)CCCC,4,0.42
CCC(=O)C,4,0.44
CC(C)COC=O,4,0.49
C=O,4,0.5
CC(C)C(=O)C,4,0.5
CCO,4,0.52
CCCCCCCCCC,4,0.62
CCCCCCC,4,0.67
CC(C)(C)CC(C)C,4,0.67
C(=C(Cl)Cl)(Cl)Cl,4,0.77
CCC(C)CCC,4,0.84
CCCCCCCCCCC,4,0.87
O=S=O,4,0.87
CCOC(=O)C,4,0.87
CC(C)(C)CCC(C)C,4,0.9
CC(C)CC(C)C,4,0.94
CCCOC=O,4,0.96
